{
  "/color-blue": {"value": 8},
  "/hora": {"text": "0"},
  "/speed": {
    "min": 1,
    "max": 20,
    "value": 6.099999904632568
  },
  "/color-red": {"value": 231},
  "/infoTexto": {
    "stringValue": "* Press enter when finish to typewrite in timebox",
    "value": 0
  },
  "/NumPuntos": {
    "min": 1,
    "max": 20,
    "value": 6
  },
  "/blend": {"value": 44.26200485229492},
  "/X": {
    "min": -1280,
    "max": 1280,
    "value": -405.8536376953125
  },
  "/Y": {
    "min": -768,
    "max": 768,
    "value": -145.29730224609375
  },
  "/Z": {"value": 68.39997863769531},
  "/minuto": {"text": "20"},
  "/secondTexto": {
    "stringValue": "",
    "value": 0
  },
  "/hourTexto": {
    "stringValue": "",
    "value": 0
  },
  "/sonidoExtremos": {"value": 1},
  "/color-green": {"value": 255},
  "/Distancia": {
    "min": 20,
    "max": 400,
    "value": 80
  },
  "/segundo": {"text": "00"},
  "/minuteTexto": {
    "stringValue": "",
    "value": 0
  },
  "/sonidoPuntos": {"value": 1},
  "/movimiento": {"value": 1},
  "/state": {"value": 0}
}